timestamp,commit,branch,benchmark,estimate_ns
2026-03-22T22:24:49Z,9463cf0,main,transforms/transform2d_to_matrix,6.9819
2026-03-22T22:24:49Z,9463cf0,main,transforms/transform2d_apply_point,12.177
2026-03-22T22:24:49Z,9463cf0,main,transforms/transform3d_to_matrix,11.204
2026-03-22T22:24:49Z,9463cf0,main,transforms/transform3d_apply_point,13.713
2026-03-22T22:24:49Z,9463cf0,main,transforms/projection_perspective,13.989
2026-03-22T22:24:49Z,9463cf0,main,transforms/projection_orthographic,4.2876
2026-03-22T22:24:49Z,9463cf0,main,transforms/lerp_f32,1.0515
2026-03-22T22:24:49Z,9463cf0,main,transforms/lerp_vec3,2.7092
2026-03-22T22:24:49Z,9463cf0,main,geo/ray_sphere_hit,5.4793
2026-03-22T22:24:49Z,9463cf0,main,geo/ray_plane_hit,2.0967
2026-03-22T22:24:49Z,9463cf0,main,geo/ray_aabb_hit,4.5167
2026-03-22T22:24:49Z,9463cf0,main,geo/ray_sphere_miss,3.3951
2026-03-22T22:24:49Z,9463cf0,main,geo/aabb_contains,3.0517
2026-03-22T22:24:49Z,9463cf0,main,geo/sphere_contains,2.3071
2026-03-22T22:24:49Z,9463cf0,main,geo/aabb_merge,4.1346
2026-03-22T22:24:49Z,9463cf0,main,calc/derivative_x_squared,1.1102
2026-03-22T22:24:49Z,9463cf0,main,calc/integral_simpson_100,78.232
2026-03-22T22:24:49Z,9463cf0,main,calc/integral_simpson_1000,770.06
2026-03-22T22:24:49Z,9463cf0,main,calc/integral_trapezoidal_100,78.233
2026-03-22T22:24:49Z,9463cf0,main,calc/integral_trapezoidal_1000,753.40
2026-03-22T22:24:49Z,9463cf0,main,calc/bezier_quadratic,1.4857
2026-03-22T22:24:49Z,9463cf0,main,calc/bezier_cubic,2.3573
2026-03-22T22:24:49Z,9463cf0,main,num/newton_sqrt2,6.6163
2026-03-22T22:24:49Z,9463cf0,main,num/bisection_sqrt2,113.15
2026-03-22T22:24:49Z,9463cf0,main,num/gaussian_3x3,83.643
2026-03-22T22:24:49Z,9463cf0,main,num/gaussian_4x4,121.07
2026-03-22T22:29:38Z,9463cf0,main,transforms/transform2d_to_matrix,7.1441
2026-03-22T22:29:38Z,9463cf0,main,transforms/transform2d_apply_point,12.081
2026-03-22T22:29:38Z,9463cf0,main,transforms/transform3d_to_matrix,10.470
2026-03-22T22:29:38Z,9463cf0,main,transforms/transform3d_apply_point,13.186
2026-03-22T22:29:38Z,9463cf0,main,transforms/projection_perspective,14.513
2026-03-22T22:29:38Z,9463cf0,main,transforms/projection_orthographic,4.4670
2026-03-22T22:29:38Z,9463cf0,main,transforms/lerp_f32,1.1244
2026-03-22T22:29:38Z,9463cf0,main,transforms/lerp_vec3,2.7785
2026-03-22T22:29:38Z,9463cf0,main,geo/ray_sphere_hit,5.5442
2026-03-22T22:29:38Z,9463cf0,main,geo/ray_plane_hit,2.3235
2026-03-22T22:29:38Z,9463cf0,main,geo/ray_aabb_hit,4.6659
2026-03-22T22:29:38Z,9463cf0,main,geo/ray_sphere_miss,3.6062
2026-03-22T22:29:38Z,9463cf0,main,geo/aabb_contains,3.2781
2026-03-22T22:29:38Z,9463cf0,main,geo/sphere_contains,2.4210
2026-03-22T22:29:38Z,9463cf0,main,geo/aabb_merge,4.3941
2026-03-22T22:29:38Z,9463cf0,main,calc/derivative_x_squared,1.2089
2026-03-22T22:29:38Z,9463cf0,main,calc/integral_simpson_100,87.405
2026-03-22T22:29:38Z,9463cf0,main,calc/integral_simpson_1000,865.95
2026-03-22T22:29:38Z,9463cf0,main,calc/integral_trapezoidal_100,78.338
2026-03-22T22:29:38Z,9463cf0,main,calc/integral_trapezoidal_1000,785.30
2026-03-22T22:29:38Z,9463cf0,main,calc/bezier_quadratic,1.6387
2026-03-22T22:29:38Z,9463cf0,main,calc/bezier_cubic,2.6480
2026-03-22T22:29:38Z,9463cf0,main,num/newton_sqrt2,6.8925
2026-03-22T22:29:38Z,9463cf0,main,num/bisection_sqrt2,113.36
2026-03-22T22:29:38Z,9463cf0,main,num/gaussian_3x3,84.466
2026-03-22T22:29:38Z,9463cf0,main,num/gaussian_4x4,113.08
2026-03-22T22:44:17Z,e481541,main,transforms/transform2d_to_matrix,6.0344
2026-03-22T22:44:17Z,e481541,main,transforms/transform2d_apply_point,6.0723
2026-03-22T22:44:17Z,e481541,main,transforms/transform3d_to_matrix,13.166
2026-03-22T22:44:17Z,e481541,main,transforms/transform3d_apply_point,7.5572
2026-03-22T22:44:17Z,e481541,main,transforms/projection_perspective,23.322
2026-03-22T22:44:17Z,e481541,main,transforms/projection_orthographic,4.4217
2026-03-22T22:44:17Z,e481541,main,transforms/lerp_f32,1.0806
2026-03-22T22:44:17Z,e481541,main,transforms/lerp_vec3,2.8740
2026-03-22T22:44:17Z,e481541,main,geo/ray_sphere_hit,3.0141
2026-03-22T22:44:17Z,e481541,main,geo/ray_plane_hit,2.1570
2026-03-22T22:44:17Z,e481541,main,geo/ray_aabb_hit,4.7449
2026-03-22T22:44:17Z,e481541,main,geo/ray_sphere_miss,2.2991
2026-03-22T22:44:17Z,e481541,main,geo/aabb_contains,2.9467
2026-03-22T22:44:17Z,e481541,main,geo/sphere_contains,2.3073
2026-03-22T22:44:17Z,e481541,main,geo/aabb_merge,4.1029
2026-03-22T22:44:17Z,e481541,main,calc/derivative_x_squared,1.1191
2026-03-22T22:44:17Z,e481541,main,calc/integral_simpson_100,79.400
2026-03-22T22:44:17Z,e481541,main,calc/integral_simpson_1000,797.82
2026-03-22T22:44:17Z,e481541,main,calc/integral_trapezoidal_100,73.432
2026-03-22T22:44:17Z,e481541,main,calc/integral_trapezoidal_1000,758.15
2026-03-22T22:44:17Z,e481541,main,calc/bezier_quadratic,1.5721
2026-03-22T22:44:17Z,e481541,main,calc/bezier_cubic,2.6252
2026-03-22T22:44:17Z,e481541,main,num/newton_sqrt2,6.6910
2026-03-22T22:44:17Z,e481541,main,num/bisection_sqrt2,110.62
2026-03-22T22:44:17Z,e481541,main,num/gaussian_3x3,97.579
2026-03-22T22:44:17Z,e481541,main,num/gaussian_4x4,137.18
2026-03-22T22:44:17Z,e481541,main,batch/ray_sphere_100,187.63
2026-03-22T22:44:17Z,e481541,main,batch/aabb_contains_100,126.30
2026-03-22T22:44:17Z,e481541,main,batch/transform3d_batch_100,357.59
2026-03-22T22:44:17Z,e481541,main,batch/simpson_sin_10000,79035.0000
2026-03-22T22:49:47Z,e481541,main,transforms/transform2d_to_matrix,6.0313
2026-03-22T22:49:47Z,e481541,main,transforms/transform2d_apply_point,6.1061
2026-03-22T22:49:47Z,e481541,main,transforms/transform3d_to_matrix,9.9026
2026-03-22T22:49:47Z,e481541,main,transforms/transform3d_apply_point,5.9345
2026-03-22T22:49:47Z,e481541,main,transforms/projection_perspective,21.542
2026-03-22T22:49:47Z,e481541,main,transforms/projection_orthographic,4.0304
2026-03-22T22:49:47Z,e481541,main,transforms/lerp_f32,0.9931
2026-03-22T22:49:47Z,e481541,main,transforms/lerp_vec3,2.6546
2026-03-22T22:49:47Z,e481541,main,geo/ray_sphere_hit,2.7199
2026-03-22T22:49:47Z,e481541,main,geo/ray_plane_hit,2.0095
2026-03-22T22:49:47Z,e481541,main,geo/ray_aabb_hit,4.5855
2026-03-22T22:49:47Z,e481541,main,geo/ray_sphere_miss,1.9563
2026-03-22T22:49:47Z,e481541,main,geo/aabb_contains,2.8688
2026-03-22T22:49:47Z,e481541,main,geo/sphere_contains,2.2423
2026-03-22T22:49:47Z,e481541,main,geo/aabb_merge,3.8625
2026-03-22T22:49:47Z,e481541,main,calc/derivative_x_squared,1.0830
2026-03-22T22:49:47Z,e481541,main,calc/integral_simpson_100,76.920
2026-03-22T22:49:47Z,e481541,main,calc/integral_simpson_1000,835.03
2026-03-22T22:49:47Z,e481541,main,calc/integral_trapezoidal_100,74.902
2026-03-22T22:49:47Z,e481541,main,calc/integral_trapezoidal_1000,784.66
2026-03-22T22:49:47Z,e481541,main,calc/bezier_quadratic,1.5164
2026-03-22T22:49:47Z,e481541,main,calc/bezier_cubic,2.5014
2026-03-22T22:49:47Z,e481541,main,num/newton_sqrt2,6.4559
2026-03-22T22:49:47Z,e481541,main,num/bisection_sqrt2,110.32
2026-03-22T22:49:47Z,e481541,main,num/gaussian_3x3,117.08
2026-03-22T22:49:47Z,e481541,main,num/gaussian_4x4,137.70
2026-03-22T22:49:47Z,e481541,main,batch/ray_sphere_100,202.23
2026-03-22T22:49:47Z,e481541,main,batch/aabb_contains_100,136.27
2026-03-22T22:49:47Z,e481541,main,batch/transform3d_batch_100,389.70
2026-03-22T22:49:47Z,e481541,main,batch/simpson_sin_10000,84623.0000
2026-03-22T22:58:10Z,e481541,main,transforms/transform2d_to_matrix,7.0349
2026-03-22T22:58:10Z,e481541,main,transforms/transform2d_apply_point,6.4926
2026-03-22T22:58:10Z,e481541,main,transforms/transform3d_to_matrix,10.443
2026-03-22T22:58:10Z,e481541,main,transforms/transform3d_apply_point,6.3699
2026-03-22T22:58:10Z,e481541,main,transforms/projection_perspective,23.535
2026-03-22T22:58:10Z,e481541,main,transforms/projection_orthographic,4.3109
2026-03-22T22:58:10Z,e481541,main,transforms/lerp_f32,1.1039
2026-03-22T22:58:10Z,e481541,main,transforms/lerp_vec3,3.0687
2026-03-22T22:58:10Z,e481541,main,geo/ray_sphere_hit,3.2482
2026-03-22T22:58:10Z,e481541,main,geo/ray_plane_hit,2.2704
2026-03-22T22:58:10Z,e481541,main,geo/ray_aabb_hit,4.9479
2026-03-22T22:58:10Z,e481541,main,geo/ray_sphere_miss,2.2235
2026-03-22T22:58:10Z,e481541,main,geo/aabb_contains,3.2495
2026-03-22T22:58:10Z,e481541,main,geo/sphere_contains,4.1771
2026-03-22T22:58:10Z,e481541,main,geo/aabb_merge,4.1493
2026-03-22T22:58:10Z,e481541,main,calc/derivative_x_squared,1.2342
2026-03-22T22:58:10Z,e481541,main,calc/integral_simpson_100,85.096
2026-03-22T22:58:10Z,e481541,main,calc/integral_simpson_1000,837.90
2026-03-22T22:58:10Z,e481541,main,calc/integral_trapezoidal_100,75.919
2026-03-22T22:58:10Z,e481541,main,calc/integral_trapezoidal_1000,782.05
2026-03-22T22:58:10Z,e481541,main,calc/bezier_quadratic,1.4814
2026-03-22T22:58:10Z,e481541,main,calc/bezier_cubic,2.5909
2026-03-22T22:58:10Z,e481541,main,num/newton_sqrt2,6.1855
2026-03-22T22:58:10Z,e481541,main,num/bisection_sqrt2,104.18
2026-03-22T22:58:10Z,e481541,main,num/gaussian_3x3,75.593
2026-03-22T22:58:10Z,e481541,main,num/gaussian_4x4,103.16
2026-03-22T22:58:10Z,e481541,main,batch/ray_sphere_100,188.84
2026-03-22T22:58:10Z,e481541,main,batch/aabb_contains_100,126.12
2026-03-22T22:58:10Z,e481541,main,batch/transform3d_batch_100,356.04
2026-03-22T22:58:10Z,e481541,main,batch/simpson_sin_10000,78605.0000
2026-03-22T23:23:12Z,a3ab46a,main,transforms/transform2d_to_matrix,7.0494
2026-03-22T23:23:12Z,a3ab46a,main,transforms/transform2d_apply_point,6.9632
2026-03-22T23:23:12Z,a3ab46a,main,transforms/transform3d_to_matrix,10.534
2026-03-22T23:23:12Z,a3ab46a,main,transforms/transform3d_apply_point,6.4578
2026-03-22T23:23:12Z,a3ab46a,main,transforms/projection_perspective,14.489
2026-03-22T23:23:12Z,a3ab46a,main,transforms/projection_orthographic,4.1587
2026-03-22T23:23:12Z,a3ab46a,main,transforms/lerp_f32,1.0554
2026-03-22T23:23:12Z,a3ab46a,main,transforms/lerp_vec3,2.7222
2026-03-22T23:23:12Z,a3ab46a,main,geo/ray_sphere_hit,2.8649
2026-03-22T23:23:12Z,a3ab46a,main,geo/ray_plane_hit,2.1300
2026-03-22T23:23:12Z,a3ab46a,main,geo/ray_aabb_hit,5.0519
2026-03-22T23:23:12Z,a3ab46a,main,geo/ray_sphere_miss,2.1051
2026-03-22T23:23:12Z,a3ab46a,main,geo/aabb_contains,2.9935
2026-03-22T23:23:12Z,a3ab46a,main,geo/sphere_contains,2.3838
2026-03-22T23:23:12Z,a3ab46a,main,geo/aabb_merge,4.1367
2026-03-22T23:23:12Z,a3ab46a,main,calc/derivative_x_squared,1.1340
2026-03-22T23:23:12Z,a3ab46a,main,calc/integral_simpson_100,86.493
2026-03-22T23:23:12Z,a3ab46a,main,calc/integral_simpson_1000,837.76
2026-03-22T23:23:12Z,a3ab46a,main,calc/integral_trapezoidal_100,75.826
2026-03-22T23:23:12Z,a3ab46a,main,calc/integral_trapezoidal_1000,785.51
2026-03-22T23:23:12Z,a3ab46a,main,calc/bezier_quadratic,1.5971
2026-03-22T23:23:12Z,a3ab46a,main,calc/bezier_cubic,2.5204
2026-03-22T23:23:12Z,a3ab46a,main,num/newton_sqrt2,6.8162
2026-03-22T23:23:12Z,a3ab46a,main,num/bisection_sqrt2,111.49
2026-03-22T23:23:12Z,a3ab46a,main,num/gaussian_3x3,82.647
2026-03-22T23:23:12Z,a3ab46a,main,num/gaussian_4x4,113.12
2026-03-22T23:23:12Z,a3ab46a,main,batch/ray_sphere_100,208.28
2026-03-22T23:23:12Z,a3ab46a,main,batch/aabb_contains_100,135.78
2026-03-22T23:23:12Z,a3ab46a,main,batch/transform3d_batch_100,391.34
2026-03-22T23:23:12Z,a3ab46a,main,batch/simpson_sin_10000,82607.0000
2026-03-22T23:23:12Z,a3ab46a,main,v02/ray_triangle,7.7319
2026-03-22T23:23:12Z,a3ab46a,main,v02/aabb_aabb_overlap,2.3056
2026-03-22T23:23:12Z,a3ab46a,main,v02/sphere_sphere_overlap,1.9247
2026-03-22T23:23:12Z,a3ab46a,main,v02/frustum_contains_point,4.6387
2026-03-22T23:23:12Z,a3ab46a,main,v02/frustum_contains_aabb,4.3790
2026-03-22T23:23:12Z,a3ab46a,main,v02/slerp,21.700
2026-03-22T23:23:12Z,a3ab46a,main,v02/transform3d_lerp,26.438
2026-03-22T23:23:12Z,a3ab46a,main,v02/closest_on_aabb,2.9486
2026-03-22T23:23:12Z,a3ab46a,main,v02/segment_closest_point,3.4360
2026-03-22T23:49:17Z,f15d065,main,transforms/transform2d_to_matrix,6.4197
2026-03-22T23:49:17Z,f15d065,main,transforms/transform2d_apply_point,6.2313
2026-03-22T23:49:17Z,f15d065,main,transforms/transform3d_to_matrix,5.7879
2026-03-22T23:49:17Z,f15d065,main,transforms/transform3d_apply_point,6.3240
2026-03-22T23:49:17Z,f15d065,main,transforms/projection_perspective,13.760
2026-03-22T23:49:17Z,f15d065,main,transforms/projection_orthographic,4.2636
2026-03-22T23:49:17Z,f15d065,main,transforms/lerp_f32,1.0487
2026-03-22T23:49:17Z,f15d065,main,transforms/lerp_vec3,2.7138
2026-03-22T23:49:17Z,f15d065,main,geo/ray_sphere_hit,2.7267
2026-03-22T23:49:17Z,f15d065,main,geo/ray_plane_hit,1.9792
2026-03-22T23:49:17Z,f15d065,main,geo/ray_aabb_hit,4.8196
2026-03-22T23:49:17Z,f15d065,main,geo/ray_sphere_miss,2.0164
2026-03-22T23:49:17Z,f15d065,main,geo/aabb_contains,2.8167
2026-03-22T23:49:17Z,f15d065,main,geo/sphere_contains,2.2235
2026-03-22T23:49:17Z,f15d065,main,geo/aabb_merge,3.9706
2026-03-22T23:49:17Z,f15d065,main,calc/derivative_x_squared,1.0762
2026-03-22T23:49:17Z,f15d065,main,calc/integral_simpson_100,75.540
2026-03-22T23:49:17Z,f15d065,main,calc/integral_simpson_1000,743.29
2026-03-22T23:49:17Z,f15d065,main,calc/integral_trapezoidal_100,79.191
2026-03-22T23:49:17Z,f15d065,main,calc/integral_trapezoidal_1000,712.09
2026-03-22T23:49:17Z,f15d065,main,calc/bezier_quadratic,1.4246
2026-03-22T23:49:17Z,f15d065,main,calc/bezier_cubic,2.4651
2026-03-22T23:49:17Z,f15d065,main,num/newton_sqrt2,6.0250
2026-03-22T23:49:17Z,f15d065,main,num/bisection_sqrt2,101.79
2026-03-22T23:49:17Z,f15d065,main,num/gaussian_3x3,74.628
2026-03-22T23:49:17Z,f15d065,main,num/gaussian_4x4,104.00
2026-03-22T23:49:17Z,f15d065,main,batch/ray_sphere_100,186.99
2026-03-22T23:49:17Z,f15d065,main,batch/aabb_contains_100,124.86
2026-03-22T23:49:17Z,f15d065,main,batch/transform3d_batch_100,352.84
2026-03-22T23:49:17Z,f15d065,main,batch/simpson_sin_10000,79162.0000
2026-03-22T23:49:17Z,f15d065,main,v02/ray_triangle,7.3021
2026-03-22T23:49:17Z,f15d065,main,v02/aabb_aabb_overlap,2.2217
2026-03-22T23:49:17Z,f15d065,main,v02/sphere_sphere_overlap,1.7652
2026-03-22T23:49:17Z,f15d065,main,v02/frustum_contains_point,4.3992
2026-03-22T23:49:17Z,f15d065,main,v02/frustum_contains_aabb,4.2891
2026-03-22T23:49:17Z,f15d065,main,v02/slerp,18.769
2026-03-22T23:49:17Z,f15d065,main,v02/transform3d_lerp,23.154
2026-03-22T23:49:17Z,f15d065,main,v02/closest_on_aabb,2.5282
2026-03-22T23:49:17Z,f15d065,main,v02/segment_closest_point,2.9311
2026-03-22T23:49:17Z,f15d065,main,v02/plane_plane_intersection,7.1651
2026-03-22T23:49:17Z,f15d065,main,v02/triangle_unit_normal,4.9780
2026-03-22T23:49:17Z,f15d065,main,v02/line_closest_point,2.0845
2026-03-22T23:49:17Z,f15d065,main,v02/closest_on_sphere,4.9595
2026-03-22T23:49:17Z,f15d065,main,v02/inverse_matrix,18.561
2026-03-22T23:49:17Z,f15d065,main,v03/bezier_cubic_3d,2.7310
2026-03-22T23:49:17Z,f15d065,main,v03/de_casteljau_split,5.7397
2026-03-22T23:49:17Z,f15d065,main,v03/catmull_rom,2.5074
2026-03-22T23:49:17Z,f15d065,main,v03/bspline_cubic,33.424
2026-03-22T23:49:17Z,f15d065,main,v03/gauss_legendre_5,3.2800
2026-03-22T23:49:17Z,f15d065,main,v03/gauss_legendre_10_panels,407.73
2026-03-22T23:49:17Z,f15d065,main,v03/arc_length_100,553.29
2026-03-22T23:49:17Z,f15d065,main,v03/ease_in_out,0.5594
2026-03-22T23:49:17Z,f15d065,main,v03/ease_in_out_smooth,0.7920
2026-03-23T00:02:33Z,7d870de,main,transforms/transform2d_to_matrix,6.1677
2026-03-23T00:02:33Z,7d870de,main,transforms/transform2d_apply_point,6.1738
2026-03-23T00:02:33Z,7d870de,main,transforms/transform3d_to_matrix,5.2430
2026-03-23T00:02:33Z,7d870de,main,transforms/transform3d_apply_point,5.9325
2026-03-23T00:02:33Z,7d870de,main,transforms/projection_perspective,21.894
2026-03-23T00:02:33Z,7d870de,main,transforms/projection_orthographic,4.0460
2026-03-23T00:02:33Z,7d870de,main,transforms/lerp_f32,1.0041
2026-03-23T00:02:33Z,7d870de,main,transforms/lerp_vec3,2.6547
2026-03-23T00:02:33Z,7d870de,main,geo/ray_sphere_hit,2.7205
2026-03-23T00:02:33Z,7d870de,main,geo/ray_plane_hit,1.9878
2026-03-23T00:02:33Z,7d870de,main,geo/ray_aabb_hit,4.5553
2026-03-23T00:02:33Z,7d870de,main,geo/ray_sphere_miss,2.0344
2026-03-23T00:02:33Z,7d870de,main,geo/aabb_contains,2.8416
2026-03-23T00:02:33Z,7d870de,main,geo/sphere_contains,2.2131
2026-03-23T00:02:33Z,7d870de,main,geo/aabb_merge,3.8500
2026-03-23T00:02:33Z,7d870de,main,calc/derivative_x_squared,1.0905
2026-03-23T00:02:33Z,7d870de,main,calc/integral_simpson_100,76.432
2026-03-23T00:02:33Z,7d870de,main,calc/integral_simpson_1000,728.31
2026-03-23T00:02:33Z,7d870de,main,calc/integral_trapezoidal_100,69.702
2026-03-23T00:02:33Z,7d870de,main,calc/integral_trapezoidal_1000,743.43
2026-03-23T00:02:33Z,7d870de,main,calc/bezier_quadratic,1.4278
2026-03-23T00:02:33Z,7d870de,main,calc/bezier_cubic,2.3611
2026-03-23T00:02:33Z,7d870de,main,num/newton_sqrt2,6.1723
2026-03-23T00:02:33Z,7d870de,main,num/bisection_sqrt2,104.27
2026-03-23T00:02:33Z,7d870de,main,num/gaussian_3x3,74.589
2026-03-23T00:02:33Z,7d870de,main,num/gaussian_4x4,103.13
2026-03-23T00:02:33Z,7d870de,main,batch/ray_sphere_100,189.86
2026-03-23T00:02:33Z,7d870de,main,batch/aabb_contains_100,128.85
2026-03-23T00:02:33Z,7d870de,main,batch/transform3d_batch_100,362.09
2026-03-23T00:02:33Z,7d870de,main,batch/simpson_sin_10000,79353.0000
2026-03-23T00:02:33Z,7d870de,main,v02/ray_triangle,7.4268
2026-03-23T00:02:33Z,7d870de,main,v02/aabb_aabb_overlap,2.2155
2026-03-23T00:02:33Z,7d870de,main,v02/sphere_sphere_overlap,1.7980
2026-03-23T00:02:33Z,7d870de,main,v02/frustum_contains_point,4.5208
2026-03-23T00:02:33Z,7d870de,main,v02/frustum_contains_aabb,4.3925
2026-03-23T00:02:33Z,7d870de,main,v02/slerp,19.445
2026-03-23T00:02:33Z,7d870de,main,v02/transform3d_lerp,24.247
2026-03-23T00:02:33Z,7d870de,main,v02/closest_on_aabb,2.6368
2026-03-23T00:02:33Z,7d870de,main,v02/segment_closest_point,2.9544
2026-03-23T00:02:33Z,7d870de,main,v02/plane_plane_intersection,7.2051
2026-03-23T00:02:33Z,7d870de,main,v02/triangle_unit_normal,5.0515
2026-03-23T00:02:33Z,7d870de,main,v02/line_closest_point,2.5932
2026-03-23T00:02:33Z,7d870de,main,v02/closest_on_sphere,5.0551
2026-03-23T00:02:33Z,7d870de,main,v02/inverse_matrix,18.895
2026-03-23T00:02:33Z,7d870de,main,v03/bezier_cubic_3d,2.9247
2026-03-23T00:02:33Z,7d870de,main,v03/de_casteljau_split,5.8509
2026-03-23T00:02:33Z,7d870de,main,v03/catmull_rom,2.5201
2026-03-23T00:02:33Z,7d870de,main,v03/bspline_cubic,21.935
2026-03-23T00:02:33Z,7d870de,main,v03/gauss_legendre_5,3.3339
2026-03-23T00:02:33Z,7d870de,main,v03/gauss_legendre_10_panels,404.40
2026-03-23T00:02:33Z,7d870de,main,v03/arc_length_100,554.36
2026-03-23T00:02:33Z,7d870de,main,v03/ease_in_out,0.5647
2026-03-23T00:02:33Z,7d870de,main,v03/ease_in_out_smooth,0.7932
2026-03-23T00:25:03Z,0314972,main,transforms/transform2d_to_matrix,6.0920
2026-03-23T00:25:03Z,0314972,main,transforms/transform2d_apply_point,6.1391
2026-03-23T00:25:03Z,0314972,main,transforms/transform3d_to_matrix,5.1561
2026-03-23T00:25:03Z,0314972,main,transforms/transform3d_apply_point,6.0145
2026-03-23T00:25:03Z,0314972,main,transforms/projection_perspective,22.071
2026-03-23T00:25:03Z,0314972,main,transforms/projection_orthographic,4.0435
2026-03-23T00:25:03Z,0314972,main,transforms/lerp_f32,0.9989
2026-03-23T00:25:03Z,0314972,main,transforms/lerp_vec3,2.6031
2026-03-23T00:25:03Z,0314972,main,geo/ray_sphere_hit,2.7292
2026-03-23T00:25:03Z,0314972,main,geo/ray_plane_hit,2.0102
2026-03-23T00:25:03Z,0314972,main,geo/ray_aabb_hit,4.5432
2026-03-23T00:25:03Z,0314972,main,geo/ray_sphere_miss,1.9202
2026-03-23T00:25:03Z,0314972,main,geo/aabb_contains,2.8104
2026-03-23T00:25:03Z,0314972,main,geo/sphere_contains,2.2170
2026-03-23T00:25:03Z,0314972,main,geo/aabb_merge,3.9528
2026-03-23T00:25:03Z,0314972,main,calc/derivative_x_squared,1.0655
2026-03-23T00:25:03Z,0314972,main,calc/integral_simpson_100,75.672
2026-03-23T00:25:03Z,0314972,main,calc/integral_simpson_1000,742.10
2026-03-23T00:25:03Z,0314972,main,calc/integral_trapezoidal_100,80.891
2026-03-23T00:25:03Z,0314972,main,calc/integral_trapezoidal_1000,714.60
2026-03-23T00:25:03Z,0314972,main,calc/bezier_quadratic,1.4273
2026-03-23T00:25:03Z,0314972,main,calc/bezier_cubic,2.2372
2026-03-23T00:25:03Z,0314972,main,num/newton_sqrt2,6.1998
2026-03-23T00:25:03Z,0314972,main,num/bisection_sqrt2,102.26
2026-03-23T00:25:03Z,0314972,main,num/gaussian_3x3,74.403
2026-03-23T00:25:03Z,0314972,main,num/gaussian_4x4,102.10
2026-03-23T00:25:03Z,0314972,main,batch/ray_sphere_100,187.98
2026-03-23T00:25:03Z,0314972,main,batch/aabb_contains_100,126.77
2026-03-23T00:25:03Z,0314972,main,batch/transform3d_batch_100,357.25
2026-03-23T00:25:03Z,0314972,main,batch/simpson_sin_10000,79271.0000
2026-03-23T00:25:03Z,0314972,main,v02/ray_triangle,7.4182
2026-03-23T00:25:03Z,0314972,main,v02/aabb_aabb_overlap,2.2753
2026-03-23T00:25:03Z,0314972,main,v02/sphere_sphere_overlap,1.7738
2026-03-23T00:25:03Z,0314972,main,v02/frustum_contains_point,4.4469
2026-03-23T00:25:03Z,0314972,main,v02/frustum_contains_aabb,4.2977
2026-03-23T00:25:03Z,0314972,main,v02/slerp,19.592
2026-03-23T00:25:03Z,0314972,main,v02/transform3d_lerp,20.790
2026-03-23T00:25:03Z,0314972,main,v02/closest_on_aabb,2.6009
2026-03-23T00:25:03Z,0314972,main,v02/segment_closest_point,2.9648
2026-03-23T00:25:03Z,0314972,main,v02/plane_plane_intersection,7.2763
2026-03-23T00:25:03Z,0314972,main,v02/triangle_unit_normal,5.0172
2026-03-23T00:25:03Z,0314972,main,v02/line_closest_point,2.0950
2026-03-23T00:25:03Z,0314972,main,v02/closest_on_sphere,5.0519
2026-03-23T00:25:03Z,0314972,main,v02/inverse_matrix,18.739
2026-03-23T00:25:03Z,0314972,main,v03/bezier_cubic_3d,2.7688
2026-03-23T00:25:03Z,0314972,main,v03/de_casteljau_split,6.0105
2026-03-23T00:25:03Z,0314972,main,v03/catmull_rom,2.5406
2026-03-23T00:25:03Z,0314972,main,v03/bspline_cubic,22.015
2026-03-23T00:25:03Z,0314972,main,v03/gauss_legendre_5,3.4396
2026-03-23T00:25:03Z,0314972,main,v03/gauss_legendre_10_panels,404.73
2026-03-23T00:25:03Z,0314972,main,v03/arc_length_100,559.15
2026-03-23T00:25:03Z,0314972,main,v03/ease_in_out,0.5600
2026-03-23T00:25:03Z,0314972,main,v03/ease_in_out_smooth,0.8014
2026-03-23T00:25:03Z,0314972,main,v04a/lu_decompose_3x3,104.55
2026-03-23T00:25:03Z,0314972,main,v04a/lu_solve_3x3,34.898
2026-03-23T00:25:03Z,0314972,main,v04a/cholesky_3x3,64.399
2026-03-23T00:25:03Z,0314972,main,v04a/cholesky_solve_3x3,38.978
2026-03-23T00:25:03Z,0314972,main,v04a/qr_decompose_3col,126.66
2026-03-23T00:25:03Z,0314972,main,v04a/least_squares_linear_6pt,185.42
2026-03-23T00:49:47Z,ee84541,main,transforms/transform2d_to_matrix,6.1820
2026-03-23T00:49:47Z,ee84541,main,transforms/transform2d_apply_point,6.1884
2026-03-23T00:49:47Z,ee84541,main,transforms/transform3d_to_matrix,5.2988
2026-03-23T00:49:47Z,ee84541,main,transforms/transform3d_apply_point,6.0783
2026-03-23T00:49:47Z,ee84541,main,transforms/projection_perspective,22.040
2026-03-23T00:49:47Z,ee84541,main,transforms/projection_orthographic,4.0880
2026-03-23T00:49:47Z,ee84541,main,transforms/lerp_f32,1.0168
2026-03-23T00:49:47Z,ee84541,main,transforms/lerp_vec3,2.6876
2026-03-23T00:49:47Z,ee84541,main,geo/ray_sphere_hit,2.7505
2026-03-23T00:49:47Z,ee84541,main,geo/ray_plane_hit,2.0404
2026-03-23T00:49:47Z,ee84541,main,geo/ray_aabb_hit,4.8528
2026-03-23T00:49:47Z,ee84541,main,geo/ray_sphere_miss,1.9546
2026-03-23T00:49:47Z,ee84541,main,geo/aabb_contains,2.8561
2026-03-23T00:49:47Z,ee84541,main,geo/sphere_contains,2.2608
2026-03-23T00:49:47Z,ee84541,main,geo/aabb_merge,3.8981
2026-03-23T00:49:47Z,ee84541,main,calc/derivative_x_squared,1.1255
2026-03-23T00:49:47Z,ee84541,main,calc/integral_simpson_100,82.102
2026-03-23T00:49:47Z,ee84541,main,calc/integral_simpson_1000,811.38
2026-03-23T00:49:47Z,ee84541,main,calc/integral_trapezoidal_100,75.949
2026-03-23T00:49:47Z,ee84541,main,calc/integral_trapezoidal_1000,779.76
2026-03-23T00:49:47Z,ee84541,main,calc/bezier_quadratic,1.6088
2026-03-23T00:49:47Z,ee84541,main,calc/bezier_cubic,2.4866
2026-03-23T00:49:47Z,ee84541,main,num/newton_sqrt2,6.9704
2026-03-23T00:49:47Z,ee84541,main,num/bisection_sqrt2,113.97
2026-03-23T00:49:47Z,ee84541,main,num/gaussian_3x3,84.772
2026-03-23T00:49:47Z,ee84541,main,num/gaussian_4x4,115.00
2026-03-23T00:49:47Z,ee84541,main,batch/ray_sphere_100,211.59
2026-03-23T00:49:47Z,ee84541,main,batch/aabb_contains_100,141.08
2026-03-23T00:49:47Z,ee84541,main,batch/transform3d_batch_100,407.52
2026-03-23T00:49:47Z,ee84541,main,batch/simpson_sin_10000,87211.0000
2026-03-23T00:49:47Z,ee84541,main,v02/ray_triangle,8.2225
2026-03-23T00:49:47Z,ee84541,main,v02/aabb_aabb_overlap,2.2998
2026-03-23T00:49:47Z,ee84541,main,v02/sphere_sphere_overlap,1.9218
2026-03-23T00:49:47Z,ee84541,main,v02/frustum_contains_point,4.7886
2026-03-23T00:49:47Z,ee84541,main,v02/frustum_contains_aabb,4.4457
2026-03-23T00:49:47Z,ee84541,main,v02/slerp,20.432
2026-03-23T00:49:47Z,ee84541,main,v02/transform3d_lerp,25.287
2026-03-23T00:49:47Z,ee84541,main,v02/closest_on_aabb,2.6913
2026-03-23T00:49:47Z,ee84541,main,v02/segment_closest_point,3.0977
2026-03-23T00:49:47Z,ee84541,main,v02/plane_plane_intersection,7.5200
2026-03-23T00:49:47Z,ee84541,main,v02/triangle_unit_normal,5.1381
2026-03-23T00:49:47Z,ee84541,main,v02/line_closest_point,2.1579
2026-03-23T00:49:47Z,ee84541,main,v02/closest_on_sphere,5.1866
2026-03-23T00:49:47Z,ee84541,main,v02/inverse_matrix,19.347
2026-03-23T00:49:47Z,ee84541,main,v03/bezier_cubic_3d,2.9766
2026-03-23T00:49:47Z,ee84541,main,v03/de_casteljau_split,6.1631
2026-03-23T00:49:47Z,ee84541,main,v03/catmull_rom,2.6200
2026-03-23T00:49:47Z,ee84541,main,v03/bspline_cubic,23.296
2026-03-23T00:49:47Z,ee84541,main,v03/gauss_legendre_5,3.6249
2026-03-23T00:49:47Z,ee84541,main,v03/gauss_legendre_10_panels,440.42
2026-03-23T00:49:47Z,ee84541,main,v03/arc_length_100,602.08
2026-03-23T00:49:47Z,ee84541,main,v03/ease_in_out,0.5948
2026-03-23T00:49:47Z,ee84541,main,v03/ease_in_out_smooth,0.8210
2026-03-23T00:49:47Z,ee84541,main,v04a/lu_decompose_3x3,119.10
2026-03-23T00:49:47Z,ee84541,main,v04a/lu_solve_3x3,33.802
2026-03-23T00:49:47Z,ee84541,main,v04a/cholesky_3x3,78.115
2026-03-23T00:49:47Z,ee84541,main,v04a/cholesky_solve_3x3,38.316
2026-03-23T00:49:47Z,ee84541,main,v04a/qr_decompose_3col,127.87
2026-03-23T00:49:47Z,ee84541,main,v04a/least_squares_linear_6pt,182.15
2026-03-23T01:02:52Z,2acbf1f,main,transforms/transform2d_to_matrix,6.1114
2026-03-23T01:02:52Z,2acbf1f,main,transforms/transform2d_apply_point,6.0528
2026-03-23T01:02:52Z,2acbf1f,main,transforms/transform3d_to_matrix,5.1302
2026-03-23T01:02:52Z,2acbf1f,main,transforms/transform3d_apply_point,5.8719
2026-03-23T01:02:52Z,2acbf1f,main,transforms/projection_perspective,21.921
2026-03-23T01:02:52Z,2acbf1f,main,transforms/projection_orthographic,3.9945
2026-03-23T01:02:52Z,2acbf1f,main,transforms/lerp_f32,0.9969
2026-03-23T01:02:52Z,2acbf1f,main,transforms/lerp_vec3,2.6193
2026-03-23T01:02:52Z,2acbf1f,main,geo/ray_sphere_hit,2.7030
2026-03-23T01:02:52Z,2acbf1f,main,geo/ray_plane_hit,1.9580
2026-03-23T01:02:52Z,2acbf1f,main,geo/ray_aabb_hit,4.7355
2026-03-23T01:02:52Z,2acbf1f,main,geo/ray_sphere_miss,2.0097
2026-03-23T01:02:52Z,2acbf1f,main,geo/aabb_contains,2.8247
2026-03-23T01:02:52Z,2acbf1f,main,geo/sphere_contains,2.1751
2026-03-23T01:02:52Z,2acbf1f,main,geo/aabb_merge,3.9005
2026-03-23T01:02:52Z,2acbf1f,main,calc/derivative_x_squared,1.0665
2026-03-23T01:02:52Z,2acbf1f,main,calc/integral_simpson_100,75.911
2026-03-23T01:02:52Z,2acbf1f,main,calc/integral_simpson_1000,744.09
2026-03-23T01:02:52Z,2acbf1f,main,calc/integral_trapezoidal_100,68.978
2026-03-23T01:02:52Z,2acbf1f,main,calc/integral_trapezoidal_1000,706.33
2026-03-23T01:02:52Z,2acbf1f,main,calc/bezier_quadratic,1.4197
2026-03-23T01:02:52Z,2acbf1f,main,calc/bezier_cubic,2.4983
2026-03-23T01:02:52Z,2acbf1f,main,num/newton_sqrt2,6.0283
2026-03-23T01:02:52Z,2acbf1f,main,num/bisection_sqrt2,102.42
2026-03-23T01:02:52Z,2acbf1f,main,num/gaussian_3x3,75.554
2026-03-23T01:02:52Z,2acbf1f,main,num/gaussian_4x4,101.80
2026-03-23T01:02:52Z,2acbf1f,main,batch/ray_sphere_100,185.17
2026-03-23T01:02:52Z,2acbf1f,main,batch/aabb_contains_100,125.86
2026-03-23T01:02:52Z,2acbf1f,main,batch/transform3d_batch_100,350.69
2026-03-23T01:02:52Z,2acbf1f,main,batch/simpson_sin_10000,78046.0000
2026-03-23T01:02:52Z,2acbf1f,main,v02/ray_triangle,7.2991
2026-03-23T01:02:52Z,2acbf1f,main,v02/aabb_aabb_overlap,2.1906
2026-03-23T01:02:52Z,2acbf1f,main,v02/sphere_sphere_overlap,1.7513
2026-03-23T01:02:52Z,2acbf1f,main,v02/frustum_contains_point,4.3758
2026-03-23T01:02:52Z,2acbf1f,main,v02/frustum_contains_aabb,4.1781
2026-03-23T01:02:52Z,2acbf1f,main,v02/slerp,19.150
2026-03-23T01:02:52Z,2acbf1f,main,v02/transform3d_lerp,23.251
2026-03-23T01:02:52Z,2acbf1f,main,v02/closest_on_aabb,2.5051
2026-03-23T01:02:52Z,2acbf1f,main,v02/segment_closest_point,2.9018
2026-03-23T01:02:52Z,2acbf1f,main,v02/plane_plane_intersection,7.0075
2026-03-23T01:02:52Z,2acbf1f,main,v02/triangle_unit_normal,4.8641
2026-03-23T01:02:52Z,2acbf1f,main,v02/line_closest_point,2.0709
2026-03-23T01:02:52Z,2acbf1f,main,v02/closest_on_sphere,4.9010
2026-03-23T01:02:52Z,2acbf1f,main,v02/inverse_matrix,18.281
2026-03-23T01:02:52Z,2acbf1f,main,v03/bezier_cubic_3d,2.7883
2026-03-23T01:02:52Z,2acbf1f,main,v03/de_casteljau_split,5.6602
2026-03-23T01:02:52Z,2acbf1f,main,v03/catmull_rom,2.4715
2026-03-23T01:02:52Z,2acbf1f,main,v03/bspline_cubic,21.751
2026-03-23T01:02:52Z,2acbf1f,main,v03/gauss_legendre_5,3.2583
2026-03-23T01:02:52Z,2acbf1f,main,v03/gauss_legendre_10_panels,395.25
2026-03-23T01:02:52Z,2acbf1f,main,v03/arc_length_100,543.59
2026-03-23T01:02:52Z,2acbf1f,main,v03/ease_in_out,0.5512
2026-03-23T01:02:52Z,2acbf1f,main,v03/ease_in_out_smooth,0.7717
2026-03-23T01:02:52Z,2acbf1f,main,v04a/lu_decompose_3x3,103.02
2026-03-23T01:02:52Z,2acbf1f,main,v04a/lu_solve_3x3,33.460
2026-03-23T01:02:52Z,2acbf1f,main,v04a/cholesky_3x3,61.475
2026-03-23T01:02:52Z,2acbf1f,main,v04a/cholesky_solve_3x3,36.186
2026-03-23T01:02:52Z,2acbf1f,main,v04a/qr_decompose_3col,121.51
2026-03-23T01:02:52Z,2acbf1f,main,v04a/least_squares_linear_6pt,179.59
2026-03-23T01:02:52Z,2acbf1f,main,v04b/eigenvalue_3x3,404.04
2026-03-23T01:02:52Z,2acbf1f,main,v04b/fft_64,617.73
2026-03-23T01:02:52Z,2acbf1f,main,v04b/fft_1024,15389.0000
2026-03-23T01:02:52Z,2acbf1f,main,v04b/fft_ifft_256,6258.7000
2026-03-23T01:18:55Z,18bedd9,main,transforms/transform2d_to_matrix,6.2810
2026-03-23T01:18:55Z,18bedd9,main,transforms/transform2d_apply_point,6.2635
2026-03-23T01:18:55Z,18bedd9,main,transforms/transform3d_to_matrix,5.3529
2026-03-23T01:18:55Z,18bedd9,main,transforms/transform3d_apply_point,6.1075
2026-03-23T01:18:55Z,18bedd9,main,transforms/projection_perspective,25.441
2026-03-23T01:18:55Z,18bedd9,main,transforms/projection_orthographic,4.2256
2026-03-23T01:18:55Z,18bedd9,main,transforms/lerp_f32,1.0261
2026-03-23T01:18:55Z,18bedd9,main,transforms/lerp_vec3,2.6429
2026-03-23T01:18:55Z,18bedd9,main,geo/ray_sphere_hit,2.7380
2026-03-23T01:18:55Z,18bedd9,main,geo/ray_plane_hit,2.0257
2026-03-23T01:18:55Z,18bedd9,main,geo/ray_aabb_hit,4.6295
2026-03-23T01:18:55Z,18bedd9,main,geo/ray_sphere_miss,2.0379
2026-03-23T01:18:55Z,18bedd9,main,geo/aabb_contains,2.8583
2026-03-23T01:18:55Z,18bedd9,main,geo/sphere_contains,2.2303
2026-03-23T01:18:55Z,18bedd9,main,geo/aabb_merge,4.0368
2026-03-23T01:18:55Z,18bedd9,main,calc/derivative_x_squared,1.0992
2026-03-23T01:18:55Z,18bedd9,main,calc/integral_simpson_100,78.337
2026-03-23T01:18:55Z,18bedd9,main,calc/integral_simpson_1000,755.73
2026-03-23T01:18:55Z,18bedd9,main,calc/integral_trapezoidal_100,83.043
2026-03-23T01:18:55Z,18bedd9,main,calc/integral_trapezoidal_1000,724.54
2026-03-23T01:18:55Z,18bedd9,main,calc/bezier_quadratic,1.4569
2026-03-23T01:18:55Z,18bedd9,main,calc/bezier_cubic,2.2271
2026-03-23T01:18:55Z,18bedd9,main,num/newton_sqrt2,6.3738
2026-03-23T01:18:55Z,18bedd9,main,num/bisection_sqrt2,112.90
2026-03-23T01:18:55Z,18bedd9,main,num/gaussian_3x3,79.112
2026-03-23T01:18:55Z,18bedd9,main,num/gaussian_4x4,119.88
2026-03-23T01:18:55Z,18bedd9,main,batch/ray_sphere_100,195.16
2026-03-23T01:18:55Z,18bedd9,main,batch/aabb_contains_100,128.32
2026-03-23T01:18:55Z,18bedd9,main,batch/transform3d_batch_100,387.34
2026-03-23T01:18:55Z,18bedd9,main,batch/simpson_sin_10000,82339.0000
2026-03-23T01:18:55Z,18bedd9,main,v02/ray_triangle,7.7741
2026-03-23T01:18:55Z,18bedd9,main,v02/aabb_aabb_overlap,2.2982
2026-03-23T01:18:55Z,18bedd9,main,v02/sphere_sphere_overlap,1.9079
2026-03-23T01:18:55Z,18bedd9,main,v02/frustum_contains_point,4.6695
2026-03-23T01:18:55Z,18bedd9,main,v02/frustum_contains_aabb,4.4057
2026-03-23T01:18:55Z,18bedd9,main,v02/slerp,20.287
2026-03-23T01:18:55Z,18bedd9,main,v02/transform3d_lerp,21.665
2026-03-23T01:18:55Z,18bedd9,main,v02/closest_on_aabb,2.6353
2026-03-23T01:18:55Z,18bedd9,main,v02/segment_closest_point,3.1155
2026-03-23T01:18:55Z,18bedd9,main,v02/plane_plane_intersection,7.6786
2026-03-23T01:18:55Z,18bedd9,main,v02/triangle_unit_normal,5.3099
2026-03-23T01:18:55Z,18bedd9,main,v02/line_closest_point,2.2088
2026-03-23T01:18:55Z,18bedd9,main,v02/closest_on_sphere,5.2110
2026-03-23T01:18:55Z,18bedd9,main,v02/inverse_matrix,19.400
2026-03-23T01:18:55Z,18bedd9,main,v03/bezier_cubic_3d,3.1635
2026-03-23T01:18:55Z,18bedd9,main,v03/de_casteljau_split,6.2507
2026-03-23T01:18:55Z,18bedd9,main,v03/catmull_rom,2.5900
2026-03-23T01:18:55Z,18bedd9,main,v03/bspline_cubic,22.815
2026-03-23T01:18:55Z,18bedd9,main,v03/gauss_legendre_5,3.8870
2026-03-23T01:18:55Z,18bedd9,main,v03/gauss_legendre_10_panels,432.52
2026-03-23T01:18:55Z,18bedd9,main,v03/arc_length_100,598.82
2026-03-23T01:18:55Z,18bedd9,main,v03/ease_in_out,0.6041
2026-03-23T01:18:55Z,18bedd9,main,v03/ease_in_out_smooth,0.8632
2026-03-23T01:18:55Z,18bedd9,main,v04a/lu_decompose_3x3,111.30
2026-03-23T01:18:55Z,18bedd9,main,v04a/lu_solve_3x3,33.131
2026-03-23T01:18:55Z,18bedd9,main,v04a/cholesky_3x3,63.249
2026-03-23T01:18:55Z,18bedd9,main,v04a/cholesky_solve_3x3,38.800
2026-03-23T01:18:55Z,18bedd9,main,v04a/qr_decompose_3col,126.44
2026-03-23T01:18:55Z,18bedd9,main,v04a/least_squares_linear_6pt,196.84
2026-03-23T01:18:55Z,18bedd9,main,v04b/eigenvalue_3x3,441.61
2026-03-23T01:18:55Z,18bedd9,main,v04b/fft_64,672.04
2026-03-23T01:18:55Z,18bedd9,main,v04b/fft_1024,16354.0000
2026-03-23T01:18:55Z,18bedd9,main,v04b/fft_ifft_256,6747.1000
2026-03-23T01:42:06Z,5b4b707,main,transforms/transform2d_to_matrix,6.0842
2026-03-23T01:42:06Z,5b4b707,main,transforms/transform2d_apply_point,6.1461
2026-03-23T01:42:06Z,5b4b707,main,transforms/transform3d_to_matrix,5.1554
2026-03-23T01:42:06Z,5b4b707,main,transforms/transform3d_apply_point,5.9265
2026-03-23T01:42:06Z,5b4b707,main,transforms/projection_perspective,12.825
2026-03-23T01:42:06Z,5b4b707,main,transforms/projection_orthographic,4.0045
2026-03-23T01:42:06Z,5b4b707,main,transforms/lerp_f32,0.9917
2026-03-23T01:42:06Z,5b4b707,main,transforms/lerp_vec3,2.5781
2026-03-23T01:42:06Z,5b4b707,main,geo/ray_sphere_hit,2.6874
2026-03-23T01:42:06Z,5b4b707,main,geo/ray_plane_hit,2.0000
2026-03-23T01:42:06Z,5b4b707,main,geo/ray_aabb_hit,4.5556
2026-03-23T01:42:06Z,5b4b707,main,geo/ray_sphere_miss,1.9565
2026-03-23T01:42:06Z,5b4b707,main,geo/aabb_contains,2.8797
2026-03-23T01:42:06Z,5b4b707,main,geo/sphere_contains,2.2470
2026-03-23T01:42:06Z,5b4b707,main,geo/aabb_merge,4.0578
2026-03-23T01:42:06Z,5b4b707,main,calc/derivative_x_squared,1.0913
2026-03-23T01:42:06Z,5b4b707,main,calc/integral_simpson_100,77.503
2026-03-23T01:42:06Z,5b4b707,main,calc/integral_simpson_1000,755.99
2026-03-23T01:42:06Z,5b4b707,main,calc/integral_trapezoidal_100,80.229
2026-03-23T01:42:06Z,5b4b707,main,calc/integral_trapezoidal_1000,719.81
2026-03-23T01:42:06Z,5b4b707,main,calc/bezier_quadratic,1.4334
2026-03-23T01:42:06Z,5b4b707,main,calc/bezier_cubic,2.2281
2026-03-23T01:42:06Z,5b4b707,main,num/newton_sqrt2,6.1511
2026-03-23T01:42:06Z,5b4b707,main,num/bisection_sqrt2,104.08
2026-03-23T01:42:06Z,5b4b707,main,num/gaussian_3x3,80.469
2026-03-23T01:42:06Z,5b4b707,main,num/gaussian_4x4,105.25
2026-03-23T01:42:06Z,5b4b707,main,batch/ray_sphere_100,190.68
2026-03-23T01:42:06Z,5b4b707,main,batch/aabb_contains_100,127.50
2026-03-23T01:42:06Z,5b4b707,main,batch/transform3d_batch_100,360.25
2026-03-23T01:42:06Z,5b4b707,main,batch/simpson_sin_10000,80416.0000
2026-03-23T01:42:06Z,5b4b707,main,v02/ray_triangle,7.7135
2026-03-23T01:42:06Z,5b4b707,main,v02/aabb_aabb_overlap,2.2589
2026-03-23T01:42:06Z,5b4b707,main,v02/sphere_sphere_overlap,1.7616
2026-03-23T01:42:06Z,5b4b707,main,v02/frustum_contains_point,4.3928
2026-03-23T01:42:06Z,5b4b707,main,v02/frustum_contains_aabb,4.2728
2026-03-23T01:42:06Z,5b4b707,main,v02/slerp,19.078
2026-03-23T01:42:06Z,5b4b707,main,v02/transform3d_lerp,20.355
2026-03-23T01:42:06Z,5b4b707,main,v02/closest_on_aabb,2.5056
2026-03-23T01:42:06Z,5b4b707,main,v02/segment_closest_point,2.8810
2026-03-23T01:42:06Z,5b4b707,main,v02/plane_plane_intersection,6.9812
2026-03-23T01:42:06Z,5b4b707,main,v02/triangle_unit_normal,4.8663
2026-03-23T01:42:06Z,5b4b707,main,v02/line_closest_point,2.0505
2026-03-23T01:42:06Z,5b4b707,main,v02/closest_on_sphere,4.9055
2026-03-23T01:42:06Z,5b4b707,main,v02/inverse_matrix,18.235
2026-03-23T01:42:06Z,5b4b707,main,v03/bezier_cubic_3d,2.7406
2026-03-23T01:42:06Z,5b4b707,main,v03/de_casteljau_split,5.7256
2026-03-23T01:42:06Z,5b4b707,main,v03/catmull_rom,2.4349
2026-03-23T01:42:06Z,5b4b707,main,v03/bspline_cubic,21.894
2026-03-23T01:42:06Z,5b4b707,main,v03/gauss_legendre_5,3.2701
2026-03-23T01:42:06Z,5b4b707,main,v03/gauss_legendre_10_panels,395.34
2026-03-23T01:42:06Z,5b4b707,main,v03/arc_length_100,540.26
2026-03-23T01:42:06Z,5b4b707,main,v03/ease_in_out,0.5526
2026-03-23T01:42:06Z,5b4b707,main,v03/ease_in_out_smooth,0.7753
2026-03-23T01:42:06Z,5b4b707,main,v04a/lu_decompose_3x3,106.88
2026-03-23T01:42:06Z,5b4b707,main,v04a/lu_solve_3x3,32.064
2026-03-23T01:42:06Z,5b4b707,main,v04a/cholesky_3x3,62.706
2026-03-23T01:42:06Z,5b4b707,main,v04a/cholesky_solve_3x3,37.468
2026-03-23T01:42:06Z,5b4b707,main,v04a/qr_decompose_3col,126.03
2026-03-23T01:42:06Z,5b4b707,main,v04a/least_squares_linear_6pt,182.27
2026-03-23T01:42:06Z,5b4b707,main,v04b/eigenvalue_3x3,407.96
2026-03-23T01:42:06Z,5b4b707,main,v04b/fft_64,615.79
2026-03-23T01:42:06Z,5b4b707,main,v04b/fft_1024,15241.0000
2026-03-23T01:42:06Z,5b4b707,main,v04b/fft_ifft_256,6269.4000
2026-03-23T01:42:06Z,5b4b707,main,v04c/rk4_exp_100_steps,5563.5000
2026-03-23T01:42:06Z,5b4b707,main,v04c/rk4_exp_1000_steps,54750.0000
2026-03-23T01:42:06Z,5b4b707,main,v04c/rk4_oscillator_1000,62798.0000
2026-03-23T01:55:31Z,ad559f8,main,transforms/transform2d_to_matrix,6.3619
2026-03-23T01:55:31Z,ad559f8,main,transforms/transform2d_apply_point,6.6725
2026-03-23T01:55:31Z,ad559f8,main,transforms/transform3d_to_matrix,5.5416
2026-03-23T01:55:31Z,ad559f8,main,transforms/transform3d_apply_point,6.4565
2026-03-23T01:55:31Z,ad559f8,main,transforms/projection_perspective,23.466
2026-03-23T01:55:31Z,ad559f8,main,transforms/projection_orthographic,4.4745
2026-03-23T01:55:31Z,ad559f8,main,transforms/lerp_f32,1.0978
2026-03-23T01:55:31Z,ad559f8,main,transforms/lerp_vec3,2.6850
2026-03-23T01:55:31Z,ad559f8,main,geo/ray_sphere_hit,2.9622
2026-03-23T01:55:31Z,ad559f8,main,geo/ray_plane_hit,2.1314
2026-03-23T01:55:31Z,ad559f8,main,geo/ray_aabb_hit,4.9293
2026-03-23T01:55:31Z,ad559f8,main,geo/ray_sphere_miss,2.2754
2026-03-23T01:55:31Z,ad559f8,main,geo/aabb_contains,3.1084
2026-03-23T01:55:31Z,ad559f8,main,geo/sphere_contains,2.3515
2026-03-23T01:55:31Z,ad559f8,main,geo/aabb_merge,4.2020
2026-03-23T01:55:31Z,ad559f8,main,calc/derivative_x_squared,1.1684
2026-03-23T01:55:31Z,ad559f8,main,calc/integral_simpson_100,79.666
2026-03-23T01:55:31Z,ad559f8,main,calc/integral_simpson_1000,755.36
2026-03-23T01:55:31Z,ad559f8,main,calc/integral_trapezoidal_100,72.637
2026-03-23T01:55:31Z,ad559f8,main,calc/integral_trapezoidal_1000,764.03
2026-03-23T01:55:31Z,ad559f8,main,calc/bezier_quadratic,1.5257
2026-03-23T01:55:31Z,ad559f8,main,calc/bezier_cubic,2.5550
2026-03-23T01:55:31Z,ad559f8,main,num/newton_sqrt2,6.3506
2026-03-23T01:55:31Z,ad559f8,main,num/bisection_sqrt2,108.24
2026-03-23T01:55:31Z,ad559f8,main,num/gaussian_3x3,77.856
2026-03-23T01:55:31Z,ad559f8,main,num/gaussian_4x4,107.42
2026-03-23T01:55:31Z,ad559f8,main,batch/ray_sphere_100,193.80
2026-03-23T01:55:31Z,ad559f8,main,batch/aabb_contains_100,127.90
2026-03-23T01:55:31Z,ad559f8,main,batch/transform3d_batch_100,390.47
2026-03-23T01:55:31Z,ad559f8,main,batch/simpson_sin_10000,81923.0000
2026-03-23T01:55:31Z,ad559f8,main,v02/ray_triangle,7.6378
2026-03-23T01:55:31Z,ad559f8,main,v02/aabb_aabb_overlap,2.3427
2026-03-23T01:55:31Z,ad559f8,main,v02/sphere_sphere_overlap,1.8974
2026-03-23T01:55:31Z,ad559f8,main,v02/frustum_contains_point,4.7210
2026-03-23T01:55:31Z,ad559f8,main,v02/frustum_contains_aabb,4.4252
2026-03-23T01:55:31Z,ad559f8,main,v02/slerp,20.262
2026-03-23T01:55:31Z,ad559f8,main,v02/transform3d_lerp,24.692
2026-03-23T01:55:31Z,ad559f8,main,v02/closest_on_aabb,2.6913
2026-03-23T01:55:31Z,ad559f8,main,v02/segment_closest_point,3.0510
2026-03-23T01:55:31Z,ad559f8,main,v02/plane_plane_intersection,7.4316
2026-03-23T01:55:31Z,ad559f8,main,v02/triangle_unit_normal,5.1381
2026-03-23T01:55:31Z,ad559f8,main,v02/line_closest_point,2.1414
2026-03-23T01:55:31Z,ad559f8,main,v02/closest_on_sphere,5.1709
2026-03-23T01:55:31Z,ad559f8,main,v02/inverse_matrix,19.339
2026-03-23T01:55:31Z,ad559f8,main,v03/bezier_cubic_3d,2.9673
2026-03-23T01:55:31Z,ad559f8,main,v03/de_casteljau_split,6.2887
2026-03-23T01:55:31Z,ad559f8,main,v03/catmull_rom,2.5376
2026-03-23T01:55:31Z,ad559f8,main,v03/bspline_cubic,22.392
2026-03-23T01:55:31Z,ad559f8,main,v03/gauss_legendre_5,3.3129
2026-03-23T01:55:31Z,ad559f8,main,v03/gauss_legendre_10_panels,396.24
2026-03-23T01:55:31Z,ad559f8,main,v03/arc_length_100,564.53
2026-03-23T01:55:31Z,ad559f8,main,v03/ease_in_out,0.5563
2026-03-23T01:55:31Z,ad559f8,main,v03/ease_in_out_smooth,0.7821
2026-03-23T01:55:31Z,ad559f8,main,v04a/lu_decompose_3x3,106.39
2026-03-23T01:55:31Z,ad559f8,main,v04a/lu_solve_3x3,31.565
2026-03-23T01:55:31Z,ad559f8,main,v04a/cholesky_3x3,61.574
2026-03-23T01:55:31Z,ad559f8,main,v04a/cholesky_solve_3x3,36.650
2026-03-23T01:55:31Z,ad559f8,main,v04a/qr_decompose_3col,123.16
2026-03-23T01:55:31Z,ad559f8,main,v04a/least_squares_linear_6pt,181.81
2026-03-23T01:55:31Z,ad559f8,main,v04b/eigenvalue_3x3,413.04
2026-03-23T01:55:31Z,ad559f8,main,v04b/fft_64,606.42
2026-03-23T01:55:31Z,ad559f8,main,v04b/fft_1024,15082.0000
2026-03-23T01:55:31Z,ad559f8,main,v04b/fft_ifft_256,6143.9000
2026-03-23T01:55:31Z,ad559f8,main,v04c/rk4_exp_100_steps,2291.6000
2026-03-23T01:55:31Z,ad559f8,main,v04c/rk4_exp_1000_steps,23262.0000
2026-03-23T01:55:31Z,ad559f8,main,v04c/rk4_oscillator_1000,22506.0000
2026-03-23T02:11:55Z,7f26a9a,main,transforms/transform2d_to_matrix,5.9688
2026-03-23T02:11:55Z,7f26a9a,main,transforms/transform2d_apply_point,6.1153
2026-03-23T02:11:55Z,7f26a9a,main,transforms/transform3d_to_matrix,5.1861
2026-03-23T02:11:55Z,7f26a9a,main,transforms/transform3d_apply_point,5.8725
2026-03-23T02:11:55Z,7f26a9a,main,transforms/projection_perspective,13.978
2026-03-23T02:11:55Z,7f26a9a,main,transforms/projection_orthographic,4.0663
2026-03-23T02:11:55Z,7f26a9a,main,transforms/lerp_f32,1.0055
2026-03-23T02:11:55Z,7f26a9a,main,transforms/lerp_vec3,2.6126
2026-03-23T02:11:55Z,7f26a9a,main,geo/ray_sphere_hit,2.7088
2026-03-23T02:11:55Z,7f26a9a,main,geo/ray_plane_hit,1.9669
2026-03-23T02:11:55Z,7f26a9a,main,geo/ray_aabb_hit,4.7413
2026-03-23T02:11:55Z,7f26a9a,main,geo/ray_sphere_miss,1.9087
2026-03-23T02:11:55Z,7f26a9a,main,geo/aabb_contains,2.8468
2026-03-23T02:11:55Z,7f26a9a,main,geo/sphere_contains,2.1986
2026-03-23T02:11:55Z,7f26a9a,main,geo/aabb_merge,3.7931
2026-03-23T02:11:55Z,7f26a9a,main,calc/derivative_x_squared,1.0638
2026-03-23T02:11:55Z,7f26a9a,main,calc/integral_simpson_100,75.832
2026-03-23T02:11:55Z,7f26a9a,main,calc/integral_simpson_1000,749.49
2026-03-23T02:11:55Z,7f26a9a,main,calc/integral_trapezoidal_100,68.919
2026-03-23T02:11:55Z,7f26a9a,main,calc/integral_trapezoidal_1000,708.44
2026-03-23T02:11:55Z,7f26a9a,main,calc/bezier_quadratic,1.4051
2026-03-23T02:11:55Z,7f26a9a,main,calc/bezier_cubic,2.2899
2026-03-23T02:11:55Z,7f26a9a,main,num/newton_sqrt2,6.1061
2026-03-23T02:11:55Z,7f26a9a,main,num/bisection_sqrt2,103.13
2026-03-23T02:11:55Z,7f26a9a,main,num/gaussian_3x3,79.980
2026-03-23T02:11:55Z,7f26a9a,main,num/gaussian_4x4,104.26
2026-03-23T02:11:55Z,7f26a9a,main,batch/ray_sphere_100,185.90
2026-03-23T02:11:55Z,7f26a9a,main,batch/aabb_contains_100,124.12
2026-03-23T02:11:55Z,7f26a9a,main,batch/transform3d_batch_100,349.12
2026-03-23T02:11:55Z,7f26a9a,main,batch/simpson_sin_10000,78076.0000
2026-03-23T02:11:55Z,7f26a9a,main,v02/ray_triangle,7.2582
2026-03-23T02:11:55Z,7f26a9a,main,v02/aabb_aabb_overlap,2.1835
2026-03-23T02:11:55Z,7f26a9a,main,v02/sphere_sphere_overlap,1.7494
2026-03-23T02:11:55Z,7f26a9a,main,v02/frustum_contains_point,4.3943
2026-03-23T02:11:55Z,7f26a9a,main,v02/frustum_contains_aabb,4.1576
2026-03-23T02:11:55Z,7f26a9a,main,v02/slerp,17.214
2026-03-23T02:11:55Z,7f26a9a,main,v02/transform3d_lerp,20.218
2026-03-23T02:11:55Z,7f26a9a,main,v02/closest_on_aabb,2.5008
2026-03-23T02:11:55Z,7f26a9a,main,v02/segment_closest_point,2.8830
2026-03-23T02:11:55Z,7f26a9a,main,v02/plane_plane_intersection,6.9326
2026-03-23T02:11:55Z,7f26a9a,main,v02/triangle_unit_normal,4.8621
2026-03-23T02:11:55Z,7f26a9a,main,v02/line_closest_point,2.1697
2026-03-23T02:11:55Z,7f26a9a,main,v02/closest_on_sphere,4.9908
2026-03-23T02:11:55Z,7f26a9a,main,v02/inverse_matrix,18.298
2026-03-23T02:11:55Z,7f26a9a,main,v03/bezier_cubic_3d,2.7344
2026-03-23T02:11:55Z,7f26a9a,main,v03/de_casteljau_split,5.6546
2026-03-23T02:11:55Z,7f26a9a,main,v03/catmull_rom,2.6185
2026-03-23T02:11:55Z,7f26a9a,main,v03/bspline_cubic,21.997
2026-03-23T02:11:55Z,7f26a9a,main,v03/gauss_legendre_5,3.3186
2026-03-23T02:11:55Z,7f26a9a,main,v03/gauss_legendre_10_panels,399.71
2026-03-23T02:11:55Z,7f26a9a,main,v03/arc_length_100,549.99
2026-03-23T02:11:55Z,7f26a9a,main,v03/ease_in_out,0.5529
2026-03-23T02:11:55Z,7f26a9a,main,v03/ease_in_out_smooth,0.7754
2026-03-23T02:11:55Z,7f26a9a,main,v04a/lu_decompose_3x3,110.50
2026-03-23T02:11:55Z,7f26a9a,main,v04a/lu_solve_3x3,32.288
2026-03-23T02:11:55Z,7f26a9a,main,v04a/cholesky_3x3,62.486
2026-03-23T02:11:55Z,7f26a9a,main,v04a/cholesky_solve_3x3,37.682
2026-03-23T02:11:55Z,7f26a9a,main,v04a/qr_decompose_3col,127.28
2026-03-23T02:11:55Z,7f26a9a,main,v04a/least_squares_linear_6pt,177.14
2026-03-23T02:11:55Z,7f26a9a,main,v04b/eigenvalue_3x3,402.09
2026-03-23T02:11:55Z,7f26a9a,main,v04b/fft_64,607.57
2026-03-23T02:11:55Z,7f26a9a,main,v04b/fft_1024,15166.0000
2026-03-23T02:11:55Z,7f26a9a,main,v04b/fft_ifft_256,6205.3000
2026-03-23T02:11:55Z,7f26a9a,main,v04c/rk4_exp_100_steps,2527.8000
2026-03-23T02:11:55Z,7f26a9a,main,v04c/rk4_exp_1000_steps,25193.0000
2026-03-23T02:11:55Z,7f26a9a,main,v04c/rk4_oscillator_1000,24136.0000
2026-03-23T02:11:55Z,7f26a9a,main,v05a/bvh_build_100,10695.0000
2026-03-23T02:11:55Z,7f26a9a,main,v05a/bvh_ray_query_100,62.077
2026-03-23T02:11:55Z,7f26a9a,main,v05a/bvh_build_1000,141510.0000
2026-03-23T02:11:55Z,7f26a9a,main,v05a/kdtree_build_1000,139570.0000
2026-03-23T02:11:55Z,7f26a9a,main,v05a/kdtree_nearest_1000,265.75
2026-03-23T02:11:55Z,7f26a9a,main,v05a/kdtree_radius_1000,1401.1000
2026-03-23T02:27:33Z,fc9aa33,main,transforms/transform2d_to_matrix,6.1243
2026-03-23T02:27:33Z,fc9aa33,main,transforms/transform2d_apply_point,6.0898
2026-03-23T02:27:33Z,fc9aa33,main,transforms/transform3d_to_matrix,5.1814
2026-03-23T02:27:33Z,fc9aa33,main,transforms/transform3d_apply_point,5.9153
2026-03-23T02:27:33Z,fc9aa33,main,transforms/projection_perspective,21.535
2026-03-23T02:27:33Z,fc9aa33,main,transforms/projection_orthographic,4.0142
2026-03-23T02:27:33Z,fc9aa33,main,transforms/lerp_f32,0.9903
2026-03-23T02:27:33Z,fc9aa33,main,transforms/lerp_vec3,2.5863
2026-03-23T02:27:33Z,fc9aa33,main,geo/ray_sphere_hit,2.6998
2026-03-23T02:27:33Z,fc9aa33,main,geo/ray_plane_hit,1.9667
2026-03-23T02:27:33Z,fc9aa33,main,geo/ray_aabb_hit,4.5408
2026-03-23T02:27:33Z,fc9aa33,main,geo/ray_sphere_miss,2.0025
2026-03-23T02:27:33Z,fc9aa33,main,geo/aabb_contains,2.8361
2026-03-23T02:27:33Z,fc9aa33,main,geo/sphere_contains,2.2189
2026-03-23T02:27:33Z,fc9aa33,main,geo/aabb_merge,4.0021
2026-03-23T02:27:33Z,fc9aa33,main,calc/derivative_x_squared,1.0889
2026-03-23T02:27:33Z,fc9aa33,main,calc/integral_simpson_100,76.626
2026-03-23T02:27:33Z,fc9aa33,main,calc/integral_simpson_1000,757.94
2026-03-23T02:27:33Z,fc9aa33,main,calc/integral_trapezoidal_100,80.018
2026-03-23T02:27:33Z,fc9aa33,main,calc/integral_trapezoidal_1000,716.02
2026-03-23T02:27:33Z,fc9aa33,main,calc/bezier_quadratic,1.4308
2026-03-23T02:27:33Z,fc9aa33,main,calc/bezier_cubic,2.2227
2026-03-23T02:27:33Z,fc9aa33,main,num/newton_sqrt2,6.1235
2026-03-23T02:27:33Z,fc9aa33,main,num/bisection_sqrt2,104.05
2026-03-23T02:27:33Z,fc9aa33,main,num/gaussian_3x3,74.929
2026-03-23T02:27:33Z,fc9aa33,main,num/gaussian_4x4,104.25
2026-03-23T02:27:33Z,fc9aa33,main,batch/ray_sphere_100,186.71
2026-03-23T02:27:33Z,fc9aa33,main,batch/aabb_contains_100,124.99
2026-03-23T02:27:33Z,fc9aa33,main,batch/transform3d_batch_100,358.05
2026-03-23T02:27:33Z,fc9aa33,main,batch/simpson_sin_10000,79820.0000
2026-03-23T02:27:33Z,fc9aa33,main,v02/ray_triangle,7.3794
2026-03-23T02:27:33Z,fc9aa33,main,v02/aabb_aabb_overlap,2.2287
2026-03-23T02:27:33Z,fc9aa33,main,v02/sphere_sphere_overlap,1.7557
2026-03-23T02:27:33Z,fc9aa33,main,v02/frustum_contains_point,4.4421
2026-03-23T02:27:33Z,fc9aa33,main,v02/frustum_contains_aabb,4.2474
2026-03-23T02:27:33Z,fc9aa33,main,v02/slerp,19.220
2026-03-23T02:27:33Z,fc9aa33,main,v02/transform3d_lerp,24.057
2026-03-23T02:27:33Z,fc9aa33,main,v02/closest_on_aabb,2.5241
2026-03-23T02:27:33Z,fc9aa33,main,v02/segment_closest_point,2.9092
2026-03-23T02:27:33Z,fc9aa33,main,v02/plane_plane_intersection,7.0391
2026-03-23T02:27:33Z,fc9aa33,main,v02/triangle_unit_normal,4.9100
2026-03-23T02:27:33Z,fc9aa33,main,v02/line_closest_point,2.1247
2026-03-23T02:27:33Z,fc9aa33,main,v02/closest_on_sphere,4.8692
2026-03-23T02:27:33Z,fc9aa33,main,v02/inverse_matrix,18.239
2026-03-23T02:27:33Z,fc9aa33,main,v03/bezier_cubic_3d,2.7017
2026-03-23T02:27:33Z,fc9aa33,main,v03/de_casteljau_split,5.6589
2026-03-23T02:27:33Z,fc9aa33,main,v03/catmull_rom,2.4965
2026-03-23T02:27:33Z,fc9aa33,main,v03/bspline_cubic,21.659
2026-03-23T02:27:33Z,fc9aa33,main,v03/gauss_legendre_5,3.2980
2026-03-23T02:27:33Z,fc9aa33,main,v03/gauss_legendre_10_panels,399.57
2026-03-23T02:27:33Z,fc9aa33,main,v03/arc_length_100,552.83
2026-03-23T02:27:33Z,fc9aa33,main,v03/ease_in_out,0.5611
2026-03-23T02:27:33Z,fc9aa33,main,v03/ease_in_out_smooth,0.7818
2026-03-23T02:27:33Z,fc9aa33,main,v04a/lu_decompose_3x3,99.780
2026-03-23T02:27:33Z,fc9aa33,main,v04a/lu_solve_3x3,32.363
2026-03-23T02:27:33Z,fc9aa33,main,v04a/cholesky_3x3,62.689
2026-03-23T02:27:33Z,fc9aa33,main,v04a/cholesky_solve_3x3,36.206
2026-03-23T02:27:33Z,fc9aa33,main,v04a/qr_decompose_3col,123.14
2026-03-23T02:27:33Z,fc9aa33,main,v04a/least_squares_linear_6pt,173.52
2026-03-23T02:27:33Z,fc9aa33,main,v04b/eigenvalue_3x3,399.33
2026-03-23T02:27:33Z,fc9aa33,main,v04b/fft_64,612.85
2026-03-23T02:27:33Z,fc9aa33,main,v04b/fft_1024,15168.0000
2026-03-23T02:27:33Z,fc9aa33,main,v04b/fft_ifft_256,6149.7000
2026-03-23T02:27:33Z,fc9aa33,main,v04c/rk4_exp_100_steps,2333.1000
2026-03-23T02:27:33Z,fc9aa33,main,v04c/rk4_exp_1000_steps,25720.0000
2026-03-23T02:27:33Z,fc9aa33,main,v04c/rk4_oscillator_1000,26020.0000
2026-03-23T02:27:33Z,fc9aa33,main,v05a/bvh_build_100,7322.8000
2026-03-23T02:27:33Z,fc9aa33,main,v05a/bvh_ray_query_100,62.639
2026-03-23T02:27:33Z,fc9aa33,main,v05a/bvh_build_1000,93431.0000
2026-03-23T02:27:33Z,fc9aa33,main,v05a/kdtree_build_1000,104080.0000
2026-03-23T02:27:33Z,fc9aa33,main,v05a/kdtree_nearest_1000,246.36
2026-03-23T02:27:33Z,fc9aa33,main,v05a/kdtree_radius_1000,1427.0000
2026-03-23T02:47:48Z,78cc9f6,main,transforms/transform2d_to_matrix,6.2363
2026-03-23T02:47:48Z,78cc9f6,main,transforms/transform2d_apply_point,6.0308
2026-03-23T02:47:48Z,78cc9f6,main,transforms/transform3d_to_matrix,5.2311
2026-03-23T02:47:48Z,78cc9f6,main,transforms/transform3d_apply_point,5.9051
2026-03-23T02:47:48Z,78cc9f6,main,transforms/projection_perspective,21.950
2026-03-23T02:47:48Z,78cc9f6,main,transforms/projection_orthographic,4.0805
2026-03-23T02:47:48Z,78cc9f6,main,transforms/lerp_f32,1.0049
2026-03-23T02:47:48Z,78cc9f6,main,transforms/lerp_vec3,2.6664
2026-03-23T02:47:48Z,78cc9f6,main,geo/ray_sphere_hit,2.7391
2026-03-23T02:47:48Z,78cc9f6,main,geo/ray_plane_hit,2.0091
2026-03-23T02:47:48Z,78cc9f6,main,geo/ray_aabb_hit,4.8440
2026-03-23T02:47:48Z,78cc9f6,main,geo/ray_sphere_miss,1.9578
2026-03-23T02:47:48Z,78cc9f6,main,geo/aabb_contains,2.8744
2026-03-23T02:47:48Z,78cc9f6,main,geo/sphere_contains,2.2540
2026-03-23T02:47:48Z,78cc9f6,main,geo/aabb_merge,3.8479
2026-03-23T02:47:48Z,78cc9f6,main,calc/derivative_x_squared,1.0767
2026-03-23T02:47:48Z,78cc9f6,main,calc/integral_simpson_100,76.683
2026-03-23T02:47:48Z,78cc9f6,main,calc/integral_simpson_1000,749.17
2026-03-23T02:47:48Z,78cc9f6,main,calc/integral_trapezoidal_100,69.901
2026-03-23T02:47:48Z,78cc9f6,main,calc/integral_trapezoidal_1000,712.43
2026-03-23T02:47:48Z,78cc9f6,main,calc/bezier_quadratic,1.4212
2026-03-23T02:47:48Z,78cc9f6,main,calc/bezier_cubic,2.4085
2026-03-23T02:47:48Z,78cc9f6,main,num/newton_sqrt2,6.1012
2026-03-23T02:47:48Z,78cc9f6,main,num/bisection_sqrt2,102.94
2026-03-23T02:47:48Z,78cc9f6,main,num/gaussian_3x3,76.559
2026-03-23T02:47:48Z,78cc9f6,main,num/gaussian_4x4,103.66
2026-03-23T02:47:48Z,78cc9f6,main,batch/ray_sphere_100,187.87
2026-03-23T02:47:48Z,78cc9f6,main,batch/aabb_contains_100,126.07
2026-03-23T02:47:48Z,78cc9f6,main,batch/transform3d_batch_100,355.07
2026-03-23T02:47:48Z,78cc9f6,main,batch/simpson_sin_10000,78862.0000
2026-03-23T02:47:48Z,78cc9f6,main,v02/ray_triangle,7.3950
2026-03-23T02:47:48Z,78cc9f6,main,v02/aabb_aabb_overlap,2.2499
2026-03-23T02:47:48Z,78cc9f6,main,v02/sphere_sphere_overlap,1.7632
2026-03-23T02:47:48Z,78cc9f6,main,v02/frustum_contains_point,4.4436
2026-03-23T02:47:48Z,78cc9f6,main,v02/frustum_contains_aabb,4.3038
2026-03-23T02:47:48Z,78cc9f6,main,v02/slerp,17.502
2026-03-23T02:47:48Z,78cc9f6,main,v02/transform3d_lerp,20.713
2026-03-23T02:47:48Z,78cc9f6,main,v02/closest_on_aabb,2.5238
2026-03-23T02:47:48Z,78cc9f6,main,v02/segment_closest_point,2.8981
2026-03-23T02:47:48Z,78cc9f6,main,v02/plane_plane_intersection,7.1182
2026-03-23T02:47:48Z,78cc9f6,main,v02/triangle_unit_normal,5.0246
2026-03-23T02:47:48Z,78cc9f6,main,v02/line_closest_point,2.1123
2026-03-23T02:47:48Z,78cc9f6,main,v02/closest_on_sphere,4.9740
2026-03-23T02:47:48Z,78cc9f6,main,v02/inverse_matrix,18.617
2026-03-23T02:47:48Z,78cc9f6,main,v03/bezier_cubic_3d,2.7692
2026-03-23T02:47:48Z,78cc9f6,main,v03/de_casteljau_split,5.7449
2026-03-23T02:47:48Z,78cc9f6,main,v03/catmull_rom,2.5255
2026-03-23T02:47:48Z,78cc9f6,main,v03/bspline_cubic,22.759
2026-03-23T02:47:48Z,78cc9f6,main,v03/gauss_legendre_5,3.3081
2026-03-23T02:47:48Z,78cc9f6,main,v03/gauss_legendre_10_panels,400.76
2026-03-23T02:47:48Z,78cc9f6,main,v03/arc_length_100,547.00
2026-03-23T02:47:48Z,78cc9f6,main,v03/ease_in_out,0.5548
2026-03-23T02:47:48Z,78cc9f6,main,v03/ease_in_out_smooth,0.7772
2026-03-23T02:47:48Z,78cc9f6,main,v04a/lu_decompose_3x3,104.51
2026-03-23T02:47:48Z,78cc9f6,main,v04a/lu_solve_3x3,32.496
2026-03-23T02:47:48Z,78cc9f6,main,v04a/cholesky_3x3,62.900
2026-03-23T02:47:48Z,78cc9f6,main,v04a/cholesky_solve_3x3,36.938
2026-03-23T02:47:48Z,78cc9f6,main,v04a/qr_decompose_3col,121.63
2026-03-23T02:47:48Z,78cc9f6,main,v04a/least_squares_linear_6pt,177.90
2026-03-23T02:47:48Z,78cc9f6,main,v04b/eigenvalue_3x3,403.80
2026-03-23T02:47:48Z,78cc9f6,main,v04b/fft_64,614.11
2026-03-23T02:47:48Z,78cc9f6,main,v04b/fft_1024,15026.0000
2026-03-23T02:47:48Z,78cc9f6,main,v04b/fft_ifft_256,6126.3000
2026-03-23T02:47:48Z,78cc9f6,main,v04c/rk4_exp_100_steps,2339.5000
2026-03-23T02:47:48Z,78cc9f6,main,v04c/rk4_exp_1000_steps,24998.0000
2026-03-23T02:47:48Z,78cc9f6,main,v04c/rk4_oscillator_1000,24391.0000
2026-03-23T02:47:48Z,78cc9f6,main,v05a/bvh_build_100,7530.8000
2026-03-23T02:47:48Z,78cc9f6,main,v05a/bvh_ray_query_100,62.963
2026-03-23T02:47:48Z,78cc9f6,main,v05a/bvh_build_1000,93139.0000
2026-03-23T02:47:48Z,78cc9f6,main,v05a/kdtree_build_1000,106980.0000
2026-03-23T02:47:48Z,78cc9f6,main,v05a/kdtree_nearest_1000,252.04
2026-03-23T02:47:48Z,78cc9f6,main,v05a/kdtree_radius_1000,1461.7000
2026-03-23T02:47:48Z,78cc9f6,main,v05b/quadtree_insert_1000,71484.0000
2026-03-23T02:47:48Z,78cc9f6,main,v05b/quadtree_query_1000,391.75
2026-03-23T02:47:48Z,78cc9f6,main,v05b/octree_insert_1000,77933.0000
2026-03-23T02:47:48Z,78cc9f6,main,v05b/octree_query_1000,713.21
2026-03-23T02:47:48Z,78cc9f6,main,v05b/spatial_hash_insert_1000,36261.0000
2026-03-23T02:47:48Z,78cc9f6,main,v05b/spatial_hash_query_cell,21.511
2026-03-23T03:17:37Z,8f56bfa,main,transforms/transform2d_to_matrix,6.0621
2026-03-23T03:17:37Z,8f56bfa,main,transforms/transform2d_apply_point,5.9913
2026-03-23T03:17:37Z,8f56bfa,main,transforms/transform3d_to_matrix,5.1468
2026-03-23T03:17:37Z,8f56bfa,main,transforms/transform3d_apply_point,5.8420
2026-03-23T03:17:37Z,8f56bfa,main,transforms/projection_perspective,21.216
2026-03-23T03:17:37Z,8f56bfa,main,transforms/projection_orthographic,4.0037
2026-03-23T03:17:37Z,8f56bfa,main,transforms/lerp_f32,0.9911
2026-03-23T03:17:37Z,8f56bfa,main,transforms/lerp_vec3,2.5814
2026-03-23T03:17:37Z,8f56bfa,main,geo/ray_sphere_hit,2.6914
2026-03-23T03:17:37Z,8f56bfa,main,geo/ray_plane_hit,1.9886
2026-03-23T03:17:37Z,8f56bfa,main,geo/ray_aabb_hit,4.7803
2026-03-23T03:17:37Z,8f56bfa,main,geo/ray_sphere_miss,1.9505
2026-03-23T03:17:37Z,8f56bfa,main,geo/aabb_contains,2.8395
2026-03-23T03:17:37Z,8f56bfa,main,geo/sphere_contains,2.2158
2026-03-23T03:17:37Z,8f56bfa,main,geo/aabb_merge,3.8451
2026-03-23T03:17:37Z,8f56bfa,main,calc/derivative_x_squared,1.7055
2026-03-23T03:17:37Z,8f56bfa,main,calc/integral_simpson_100,105.52
2026-03-23T03:17:37Z,8f56bfa,main,calc/integral_simpson_1000,931.73
2026-03-23T03:17:37Z,8f56bfa,main,calc/integral_trapezoidal_100,69.696
2026-03-23T03:17:37Z,8f56bfa,main,calc/integral_trapezoidal_1000,714.65
2026-03-23T03:17:37Z,8f56bfa,main,calc/bezier_quadratic,1.4457
2026-03-23T03:17:37Z,8f56bfa,main,calc/bezier_cubic,2.2199
2026-03-23T03:17:37Z,8f56bfa,main,num/newton_sqrt2,6.0916
2026-03-23T03:17:37Z,8f56bfa,main,num/bisection_sqrt2,103.44
2026-03-23T03:17:37Z,8f56bfa,main,num/gaussian_3x3,106.53
2026-03-23T03:17:37Z,8f56bfa,main,num/gaussian_4x4,139.71
2026-03-23T03:17:37Z,8f56bfa,main,batch/ray_sphere_100,199.98
2026-03-23T03:17:37Z,8f56bfa,main,batch/aabb_contains_100,133.39
2026-03-23T03:17:37Z,8f56bfa,main,batch/transform3d_batch_100,386.69
2026-03-23T03:17:37Z,8f56bfa,main,batch/simpson_sin_10000,83223.0000
2026-03-23T03:17:37Z,8f56bfa,main,v02/ray_triangle,7.9828
2026-03-23T03:17:37Z,8f56bfa,main,v02/aabb_aabb_overlap,2.3751
2026-03-23T03:17:37Z,8f56bfa,main,v02/sphere_sphere_overlap,1.8937
2026-03-23T03:17:37Z,8f56bfa,main,v02/frustum_contains_point,4.8714
2026-03-23T03:17:37Z,8f56bfa,main,v02/frustum_contains_aabb,4.3885
2026-03-23T03:17:37Z,8f56bfa,main,v02/slerp,18.287
2026-03-23T03:17:37Z,8f56bfa,main,v02/transform3d_lerp,21.452
2026-03-23T03:17:37Z,8f56bfa,main,v02/closest_on_aabb,2.6137
2026-03-23T03:17:37Z,8f56bfa,main,v02/segment_closest_point,3.0237
2026-03-23T03:17:37Z,8f56bfa,main,v02/plane_plane_intersection,7.2782
2026-03-23T03:17:37Z,8f56bfa,main,v02/triangle_unit_normal,5.0783
2026-03-23T03:17:37Z,8f56bfa,main,v02/line_closest_point,2.1570
2026-03-23T03:17:37Z,8f56bfa,main,v02/closest_on_sphere,5.1129
2026-03-23T03:17:37Z,8f56bfa,main,v02/inverse_matrix,19.102
2026-03-23T03:17:37Z,8f56bfa,main,v03/bezier_cubic_3d,2.8131
2026-03-23T03:17:37Z,8f56bfa,main,v03/de_casteljau_split,6.0100
2026-03-23T03:17:37Z,8f56bfa,main,v03/catmull_rom,2.6747
2026-03-23T03:17:37Z,8f56bfa,main,v03/bspline_cubic,23.502
2026-03-23T03:17:37Z,8f56bfa,main,v03/gauss_legendre_5,3.6057
2026-03-23T03:17:37Z,8f56bfa,main,v03/gauss_legendre_10_panels,432.44
2026-03-23T03:17:37Z,8f56bfa,main,v03/arc_length_100,626.83
2026-03-23T03:17:37Z,8f56bfa,main,v03/ease_in_out,0.6084
2026-03-23T03:17:37Z,8f56bfa,main,v03/ease_in_out_smooth,0.8145
2026-03-23T03:17:37Z,8f56bfa,main,v04a/lu_decompose_3x3,109.35
2026-03-23T03:17:37Z,8f56bfa,main,v04a/lu_solve_3x3,33.659
2026-03-23T03:17:37Z,8f56bfa,main,v04a/cholesky_3x3,65.492
2026-03-23T03:17:37Z,8f56bfa,main,v04a/cholesky_solve_3x3,39.099
2026-03-23T03:17:37Z,8f56bfa,main,v04a/qr_decompose_3col,130.30
2026-03-23T03:17:37Z,8f56bfa,main,v04a/least_squares_linear_6pt,187.48
2026-03-23T03:17:37Z,8f56bfa,main,v04b/eigenvalue_3x3,410.24
2026-03-23T03:17:37Z,8f56bfa,main,v04b/fft_64,621.98
2026-03-23T03:17:37Z,8f56bfa,main,v04b/fft_1024,15547.0000
2026-03-23T03:17:37Z,8f56bfa,main,v04b/fft_ifft_256,6364.1000
2026-03-23T03:17:37Z,8f56bfa,main,v04c/rk4_exp_100_steps,2829.6000
2026-03-23T03:17:37Z,8f56bfa,main,v04c/rk4_exp_1000_steps,25674.0000
2026-03-23T03:17:37Z,8f56bfa,main,v04c/rk4_oscillator_1000,27154.0000
2026-03-23T03:17:37Z,8f56bfa,main,v05a/bvh_build_100,7834.9000
2026-03-23T03:17:37Z,8f56bfa,main,v05a/bvh_ray_query_100,63.420
2026-03-23T03:17:37Z,8f56bfa,main,v05a/bvh_build_1000,98632.0000
2026-03-23T03:17:37Z,8f56bfa,main,v05a/kdtree_build_1000,109520.0000
2026-03-23T03:17:37Z,8f56bfa,main,v05a/kdtree_nearest_1000,251.96
2026-03-23T03:17:37Z,8f56bfa,main,v05a/kdtree_radius_1000,1463.7000
2026-03-23T03:17:37Z,8f56bfa,main,v05b/quadtree_insert_1000,71660.0000
2026-03-23T03:17:37Z,8f56bfa,main,v05b/quadtree_query_1000,393.27
2026-03-23T03:17:37Z,8f56bfa,main,v05b/octree_insert_1000,83657.0000
2026-03-23T03:17:37Z,8f56bfa,main,v05b/octree_query_1000,714.97
2026-03-23T03:17:37Z,8f56bfa,main,v05b/spatial_hash_insert_1000,37742.0000
2026-03-23T03:17:37Z,8f56bfa,main,v05b/spatial_hash_query_cell,22.127
2026-03-23T03:17:37Z,8f56bfa,main,v05c/convex_hull_100,1926.2000
2026-03-23T03:17:37Z,8f56bfa,main,v05c/gjk_intersect,36.984
2026-03-23T03:17:37Z,8f56bfa,main,v05c/gjk_no_intersect,27.234
2026-03-23T03:17:37Z,8f56bfa,main,v05c/gjk_epa_penetration,327.84
2026-03-23T03:38:53Z,6a58334,main,transforms/transform2d_to_matrix,6.2206
2026-03-23T03:38:53Z,6a58334,main,transforms/transform2d_apply_point,6.1678
2026-03-23T03:38:53Z,6a58334,main,transforms/transform3d_to_matrix,5.4203
2026-03-23T03:38:53Z,6a58334,main,transforms/transform3d_apply_point,6.0645
2026-03-23T03:38:53Z,6a58334,main,transforms/projection_perspective,22.366
2026-03-23T03:38:53Z,6a58334,main,transforms/projection_orthographic,4.0925
2026-03-23T03:38:53Z,6a58334,main,transforms/lerp_f32,1.0205
2026-03-23T03:38:53Z,6a58334,main,transforms/lerp_vec3,2.6164
2026-03-23T03:38:53Z,6a58334,main,geo/ray_sphere_hit,2.6979
2026-03-23T03:38:53Z,6a58334,main,geo/ray_plane_hit,2.0095
2026-03-23T03:38:53Z,6a58334,main,geo/ray_aabb_hit,4.8472
2026-03-23T03:38:53Z,6a58334,main,geo/ray_sphere_miss,1.9581
2026-03-23T03:38:53Z,6a58334,main,geo/aabb_contains,2.8687
2026-03-23T03:38:53Z,6a58334,main,geo/sphere_contains,2.2340
2026-03-23T03:38:53Z,6a58334,main,geo/aabb_merge,4.0221
2026-03-23T03:38:53Z,6a58334,main,calc/derivative_x_squared,1.0893
2026-03-23T03:38:53Z,6a58334,main,calc/integral_simpson_100,77.022
2026-03-23T03:38:53Z,6a58334,main,calc/integral_simpson_1000,756.55
2026-03-23T03:38:53Z,6a58334,main,calc/integral_trapezoidal_100,69.953
2026-03-23T03:38:53Z,6a58334,main,calc/integral_trapezoidal_1000,739.83
2026-03-23T03:38:53Z,6a58334,main,calc/bezier_quadratic,1.4441
2026-03-23T03:38:53Z,6a58334,main,calc/bezier_cubic,2.2085
2026-03-23T03:38:53Z,6a58334,main,num/newton_sqrt2,6.0530
2026-03-23T03:38:53Z,6a58334,main,num/bisection_sqrt2,102.24
2026-03-23T03:38:53Z,6a58334,main,num/gaussian_3x3,76.779
2026-03-23T03:38:53Z,6a58334,main,num/gaussian_4x4,103.73
2026-03-23T03:38:53Z,6a58334,main,batch/ray_sphere_100,186.11
2026-03-23T03:38:53Z,6a58334,main,batch/aabb_contains_100,125.41
2026-03-23T03:38:53Z,6a58334,main,batch/transform3d_batch_100,352.04
2026-03-23T03:38:53Z,6a58334,main,batch/simpson_sin_10000,78349.0000
2026-03-23T03:38:53Z,6a58334,main,v02/ray_triangle,7.4695
2026-03-23T03:38:53Z,6a58334,main,v02/aabb_aabb_overlap,2.3336
2026-03-23T03:38:53Z,6a58334,main,v02/sphere_sphere_overlap,1.7993
2026-03-23T03:38:53Z,6a58334,main,v02/frustum_contains_point,4.5345
2026-03-23T03:38:53Z,6a58334,main,v02/frustum_contains_aabb,4.3294
2026-03-23T03:38:53Z,6a58334,main,v02/slerp,18.700
2026-03-23T03:38:53Z,6a58334,main,v02/transform3d_lerp,20.915
2026-03-23T03:38:53Z,6a58334,main,v02/closest_on_aabb,2.6311
2026-03-23T03:38:53Z,6a58334,main,v02/segment_closest_point,2.9801
2026-03-23T03:38:53Z,6a58334,main,v02/plane_plane_intersection,7.1333
2026-03-23T03:38:53Z,6a58334,main,v02/triangle_unit_normal,5.0282
2026-03-23T03:38:53Z,6a58334,main,v02/line_closest_point,2.1522
2026-03-23T03:38:53Z,6a58334,main,v02/closest_on_sphere,5.0609
2026-03-23T03:38:53Z,6a58334,main,v02/inverse_matrix,19.052
2026-03-23T03:38:53Z,6a58334,main,v03/bezier_cubic_3d,2.8219
2026-03-23T03:38:53Z,6a58334,main,v03/de_casteljau_split,6.0117
2026-03-23T03:38:53Z,6a58334,main,v03/catmull_rom,2.5485
2026-03-23T03:38:53Z,6a58334,main,v03/bspline_cubic,22.834
2026-03-23T03:38:53Z,6a58334,main,v03/gauss_legendre_5,3.4111
2026-03-23T03:38:53Z,6a58334,main,v03/gauss_legendre_10_panels,440.54
2026-03-23T03:38:53Z,6a58334,main,v03/arc_length_100,617.50
2026-03-23T03:38:53Z,6a58334,main,v03/ease_in_out,0.6571
2026-03-23T03:38:53Z,6a58334,main,v03/ease_in_out_smooth,0.8111
2026-03-23T03:38:53Z,6a58334,main,v04a/lu_decompose_3x3,106.80
2026-03-23T03:38:53Z,6a58334,main,v04a/lu_solve_3x3,35.115
2026-03-23T03:38:53Z,6a58334,main,v04a/cholesky_3x3,65.888
2026-03-23T03:38:53Z,6a58334,main,v04a/cholesky_solve_3x3,39.166
2026-03-23T03:38:53Z,6a58334,main,v04a/qr_decompose_3col,129.03
2026-03-23T03:38:53Z,6a58334,main,v04a/least_squares_linear_6pt,190.96
2026-03-23T03:38:53Z,6a58334,main,v04b/eigenvalue_3x3,436.76
2026-03-23T03:38:53Z,6a58334,main,v04b/fft_64,630.02
2026-03-23T03:38:53Z,6a58334,main,v04b/fft_1024,15688.0000
2026-03-23T03:38:53Z,6a58334,main,v04b/fft_ifft_256,6405.8000
2026-03-23T03:38:53Z,6a58334,main,v04c/rk4_exp_100_steps,2543.6000
2026-03-23T03:38:53Z,6a58334,main,v04c/rk4_exp_1000_steps,23818.0000
2026-03-23T03:38:53Z,6a58334,main,v04c/rk4_oscillator_1000,23320.0000
2026-03-23T03:38:53Z,6a58334,main,v05a/bvh_build_100,7776.1000
2026-03-23T03:38:53Z,6a58334,main,v05a/bvh_ray_query_100,62.798
2026-03-23T03:38:53Z,6a58334,main,v05a/bvh_build_1000,96706.0000
2026-03-23T03:38:53Z,6a58334,main,v05a/kdtree_build_1000,108620.0000
2026-03-23T03:38:53Z,6a58334,main,v05a/kdtree_nearest_1000,251.69
2026-03-23T03:38:53Z,6a58334,main,v05a/kdtree_radius_1000,1544.2000
2026-03-23T03:38:53Z,6a58334,main,v05b/quadtree_insert_1000,72310.0000
2026-03-23T03:38:53Z,6a58334,main,v05b/quadtree_query_1000,420.11
2026-03-23T03:38:53Z,6a58334,main,v05b/octree_insert_1000,81383.0000
2026-03-23T03:38:53Z,6a58334,main,v05b/octree_query_1000,712.30
2026-03-23T03:38:53Z,6a58334,main,v05b/spatial_hash_insert_1000,37031.0000
2026-03-23T03:38:53Z,6a58334,main,v05b/spatial_hash_query_cell,23.360
2026-03-23T03:38:53Z,6a58334,main,v05c/convex_hull_100,1907.8000
2026-03-23T03:38:53Z,6a58334,main,v05c/gjk_intersect,36.159
2026-03-23T03:38:53Z,6a58334,main,v05c/gjk_no_intersect,26.355
2026-03-23T03:38:53Z,6a58334,main,v05c/gjk_epa_penetration,322.17
